0.25,"President Obama vowed, during his second inaugural address Monday, to ""manage crisis abroad"" in pursuit of a more ""peaceful world."""
0.375,"But four years after the president first took the oath, the task remains perhaps his most daunting."
0.15,"Moments before Obama spoke at the west front of the Capitol, confirmation that two more Americans had been killed in the hostage standoff in Algeria undercut the president's optimism."
0.15,"The news ups the tally of U.S. citizens killed to three, while seven others made it out safely."
-0.08499999999999999,"The brutal, and evidently planned, attack in the Sahara underscores how much work is left to be done on the world stage as Obama embarks on his second term."
0.03,"While the president spent the bulk of his first four years focused inward -- on jolting the American economy, overhauling the health care system and campaigning -- the number of international challenges has only mounted."
0.25,"The attack in Algeria is the latest symptom of an emerging threat outside the Afghanistan-Pakistan axis that has been the focal point of America's ""war on terror"" since 2001."
0.0,"Plots have sprung out of Yemen, out of Libya and now Algeria, representing a massive band of instability spanning North Africa and the Arabian Peninsula -- not to mention the convulsing civil war in Syria."
0.0625,"Despite the challenge ahead, Obama on Monday sustained the message of reconciliation that drove his first term's foreign policy."
0.0,"""We will defend our people and uphold our values through strength of arms and rule of law,"" Obama said."
0.08333333333333333,"""We will show the courage to try and resolve our differences with other nations peacefully -- not because we are na√Øve about the dangers we face, but because engagement can more durably lift suspicion and fear."""
0.125,When Obama was first elected four years ago he talked an ambitious foreign policy.
0.0,"His first-term agenda included restoring America's tattered international image, ending two wars, using a carrot-and-stick approach to Iran's nuclear program and helping broker peace in the Middle East."
0.16666666666666666,Fast forward four years and the harsh reality is that many goals are unmet.
0.5,"His biggest accomplishment, and the one that factored most into his reelection campaign, was the take-down of Usama bin Laden in Pakistan."
0.0,"But Al Qaeda's affiliates and allies have continued to threaten U.S. interests abroad, with a former Al Qaeda operative claiming credit for the attack in Algeria, where a total of 38 hostages reportedly have died."
0.0,"Militants also stormed the U.S. diplomatic compound in Benghazi in September, killing four Americans."
0.0,The attackers have not yet been brought to justice.
0.0016666666666666607,"As the president starts his second term, he will be forced to confront a number of other still-pending policy issues that could affect America's dominance in the global arena -- but it won't be easy."
0.25,"During his first term, Obama signaled a willingness to work diplomatically with Tehran over nuclear capabilities."
-0.018518518518518528,"When that didn't work, the U.S. tried coming down harder, threatening economic sanctions."
0.3,"In the months ahead, U.S. officials will try once more -- this time, talking directly with Iranian officials."
0.4,It's important the meeting goes well.
0.0,"Obama has repeatedly said that it is ""unacceptable"" for Iran to have access to nuclear-weapon capabilities."
0.049206349206349205,"If Iran doesn't back down, Obama will likely face more questions on whether the U.S. would back up its words with military action -- or let Israel do so."
0.25,The scene isn't much better in the Middle East.
0.25,"Two days before the president's first inauguration in 2009, Hamas and Israel had agreed to a cease fire after a three-week war."
-0.1875,"Today, little if anything has been resolved."
-0.19444444444444445,Getting beyond the centuries-old political divide has proven tough for the Obama administration.
0.0,"Last week, Israel's Prime Minister Benjamin Netanyahu dismissed Obama's reported displeasure with his hard-line policies toward the Palestinians, some say paving the way for a clash in the future."
-0.05,"In Syria, the Obama administration has steered clear of military involvement but President Bashar al-Assad's crackdown which has left 60,000 dead could force the United States' hand."
0.0,Concerns that the Assad government may use chemical weapons have continued to plague the country.
-0.020833333333333343,"If those allegations are proven true, it may mean the U.S. could get militarily involved."
0.0,"On Monday, Arab League Chief Nabil Elaraby said resolving Syria's crisis had not produced ""a flicker of hope."""
0.0,Elaraby called for the U.N. Security Council to adopt a resolution calling for a cease-fire in Syria.
0.35,He also wants to create a monitoring force to make sure the job gets done.
0.06666666666666667,"In China, the White House's big plan to build an economic partnership hit a wall when accusations that the U.S. was trying to curb China's ambitions surfaced."
0.09999999999999999,"Still, some say that while big problems in Iran persist and Israeli-Palestinian tensions continue to escalate, it's the smaller conflicts and threats in Algeria, Mali and Libya that serve as a fresh reminder of the president's uphill battle ahead."
-0.05,"On Sunday, the chairman of the House Intelligence Committee said that several reports had surfaced that ""something big"" was about to happen against a Western target but that there were few details that accompanied the threat."
0.1961904761904762,"""We didn't know for sure, for certain it would be this particular place under those circumstances, but we knew that they were trying to find a Western target, which this clearly was,"" Rep. Mike Rogers, R-Mich., said on ABC News' ""This Week."""
0.0,Roger's comments came after the four-day hostage crisis ended in Algeria.
0.1,There have been three arrests so far.
0.0,"On Sunday, a video surfaced of terrorist leader Mokhtar Belmokhtar claiming responsibility for the attack."
